<?xml version="1.0" encoding="UTF-8"?>
<project-private xmlns="http://www.netbeans.org/ns/project-private/1">
    <editor-bookmarks xmlns="http://www.netbeans.org/ns/editor-bookmarks/2" lastBookmarkId="0"/>
    <open-files xmlns="http://www.netbeans.org/ns/projectui-open-files/2">
        <group>
            <file>file:/E:/B%20Tech/internship/EMERTXE/SIMULATION%20PROJECTS%20IN%20PIC16F877A/Washing_Machine_Simulator.X/main.c</file>
            <file>file:/E:/B%20Tech/internship/EMERTXE/SIMULATION%20PROJECTS%20IN%20PIC16F877A/Washing_Machine_Simulator.X/main.h</file>
        </group>
    </open-files>
</project-private>
